{
    "loss": 20.024124145507812,
    "accuracy": 0.5467625856399536
}